{"acronymes.txt": 1758015243.7986271, "contacts.txt": 1758015243.805733, "formation.txt": 1742895988.2111676, "info_generale.txt": 1758015243.814733, "seatech_database.txt": 1758015243.8232949}