{"acronymes.txt": 1758180260.0057461, "contacts.txt": 1758180260.0057461, "formation.txt": 1742895988.2111676, "info_generale.txt": 1758180260.0057461, "seatech_database.txt": 1758180260.0057461}